{"stats":{"minecraft:killed":{"apocalypsenow:survivor_1":1},"minecraft:custom":{"minecraft:jump":24,"minecraft:open_chest":33,"minecraft:time_since_rest":20812,"minecraft:time_since_death":20812,"minecraft:crouch_one_cm":18,"minecraft:play_time":20812,"minecraft:sprint_one_cm":792,"minecraft:walk_on_water_one_cm":166,"minecraft:walk_one_cm":25576,"minecraft:total_world_time":21446,"minecraft:sneak_time":335,"minecraft:climb_one_cm":1389,"minecraft:mob_kills":1,"minecraft:fly_one_cm":27453,"minecraft:leave_game":1},"minecraft:used":{"minecraft:glow_item_frame":4,"minecraft:black_banner":2,"minecraft:chest":8,"apocalypsenow:survivor_1_spawn_egg":1},"minecraft:picked_up":{"minecraft:clock":6,"minecraft:shield":4,"apocalypsenow:baseball_bat":8}},"DataVersion":2975}