{"stats":{"minecraft:custom":{"minecraft:jump":22,"minecraft:open_chest":33,"minecraft:time_since_rest":16675,"minecraft:crouch_one_cm":18,"minecraft:sprint_one_cm":792,"minecraft:play_time":16675,"minecraft:walk_on_water_one_cm":166,"minecraft:time_since_death":16675,"minecraft:walk_one_cm":25202,"minecraft:sneak_time":276,"minecraft:climb_one_cm":1067,"minecraft:total_world_time":17309,"minecraft:mob_kills":1,"minecraft:fly_one_cm":26122},"minecraft:killed":{"apocalypsenow:survivor_1":1},"minecraft:used":{"minecraft:black_banner":2,"minecraft:glow_item_frame":4,"minecraft:chest":8,"apocalypsenow:survivor_1_spawn_egg":1},"minecraft:picked_up":{"minecraft:clock":6,"minecraft:shield":4,"apocalypsenow:baseball_bat":8}},"DataVersion":2975}