{"stats":{"minecraft:killed":{"apocalypsenow:survivor_1":1},"minecraft:custom":{"minecraft:jump":31,"minecraft:open_chest":34,"minecraft:time_since_rest":22031,"minecraft:leave_game":2,"minecraft:play_time":22031,"minecraft:crouch_one_cm":18,"minecraft:time_since_death":22031,"minecraft:sprint_one_cm":792,"minecraft:walk_on_water_one_cm":166,"minecraft:walk_one_cm":29072,"minecraft:total_world_time":22665,"minecraft:sneak_time":335,"minecraft:climb_one_cm":2137,"minecraft:mob_kills":1,"minecraft:fall_one_cm":422,"minecraft:fly_one_cm":27453},"minecraft:used":{"minecraft:chest":8,"minecraft:black_banner":2,"apocalypsenow:survivor_1_spawn_egg":1,"minecraft:glow_item_frame":4},"minecraft:picked_up":{"minecraft:clock":6,"minecraft:shield":4,"apocalypsenow:baseball_bat":8}},"DataVersion":2975}