{"stats":{"minecraft:killed_by":{"zombie_extreme:infected_military":1},"minecraft:used":{"minecraft:bread":2,"minecraft:chest":1,"minecraft:wooden_pickaxe":12,"minecraft:torch":1,"minecraft:potion":3,"apocalypsenow:human_flesh":1,"minecraft:bone_meal":34},"minecraft:mined":{"minecraft:birch_log":3,"minecraft:birch_leaves":33,"minecraft:oak_log":2,"minecraft:stone":12,"minecraft:oak_leaves":38},"minecraft:crafted":{"minecraft:oak_planks":8,"minecraft:birch_planks":12},"minecraft:picked_up":{"minecraft:birch_log":3,"minecraft:stick":1,"minecraft:birch_planks":12,"minecraft:oak_log":2,"minecraft:rotten_flesh":8,"apocalypsenow:human_flesh":1,"minecraft:oak_sapling":2,"minecraft:birch_sapling":3,"minecraft:cobblestone":12},"minecraft:dropped":{"minecraft:bread":6,"minecraft:leather_chestplate":1,"minecraft:birch_planks":24,"minecraft:birch_sapling":3,"minecraft:oak_sapling":2,"minecraft:oak_planks":8,"minecraft:stick":1},"minecraft:custom":{"minecraft:time_since_rest":4163,"minecraft:sprint_one_cm":8810,"minecraft:damage_taken":506,"minecraft:walk_one_cm":63598,"minecraft:drop":45,"minecraft:interact_with_crafting_table":1,"minecraft:fly_one_cm":30333,"minecraft:open_chest":4,"minecraft:crouch_one_cm":3635,"minecraft:play_time":116887,"minecraft:deaths":2,"minecraft:sneak_time":1554,"minecraft:walk_under_water_one_cm":116,"minecraft:jump":137,"minecraft:leave_game":6,"minecraft:walk_on_water_one_cm":844,"minecraft:time_since_death":4071,"minecraft:sleep_in_bed":8,"minecraft:total_world_time":116887,"minecraft:climb_one_cm":20895,"minecraft:fall_one_cm":3296}},"DataVersion":2975}