{"stats":{"minecraft:dropped":{"minecraft:bread":6},"minecraft:used":{"minecraft:bread":2,"minecraft:potion":3},"minecraft:picked_up":{"minecraft:rotten_flesh":8},"minecraft:custom":{"minecraft:jump":29,"minecraft:time_since_rest":4102,"minecraft:crouch_one_cm":1080,"minecraft:leave_game":3,"minecraft:play_time":74832,"minecraft:sprint_one_cm":253,"minecraft:time_since_death":74832,"minecraft:walk_one_cm":24589,"minecraft:total_world_time":74832,"minecraft:sleep_in_bed":2,"minecraft:sneak_time":367,"minecraft:climb_one_cm":3585,"minecraft:fall_one_cm":422,"minecraft:drop":6}},"DataVersion":2975}