{"stats":{"minecraft:used":{"minecraft:bread":2,"minecraft:chest":1,"minecraft:potion":3},"minecraft:picked_up":{"minecraft:rotten_flesh":8},"minecraft:dropped":{"minecraft:bread":6},"minecraft:custom":{"minecraft:jump":71,"minecraft:time_since_rest":14882,"minecraft:crouch_one_cm":1627,"minecraft:leave_game":6,"minecraft:play_time":92887,"minecraft:sprint_one_cm":253,"minecraft:damage_taken":84,"minecraft:time_since_death":92887,"minecraft:walk_one_cm":39079,"minecraft:total_world_time":92887,"minecraft:sleep_in_bed":8,"minecraft:sneak_time":753,"minecraft:climb_one_cm":8762,"minecraft:fall_one_cm":844,"minecraft:drop":6,"minecraft:fly_one_cm":4260}},"DataVersion":2975}