{"stats":{"minecraft:killed_by":{"zombie_extreme:infected_military":1},"minecraft:used":{"minecraft:bread":2,"minecraft:stone_pickaxe":9,"horror_element_mod:phished_head":1,"horror_element_mod:hazzmat_head":1,"minecraft:chest":1,"minecraft:wooden_pickaxe":12,"minecraft:stone":1,"minecraft:torch":3,"horror_element_mod:impaled_skeleton":3,"minecraft:potion":3,"apocalypsenow:human_flesh":1,"minecraft:bone_meal":34,"horror_element_mod:blood_4":1},"minecraft:mined":{"minecraft:birch_log":3,"minecraft:birch_leaves":33,"minecraft:oak_log":2,"minecraft:copper_ore":1,"minecraft:stone":19,"minecraft:oak_leaves":38},"minecraft:crafted":{"minecraft:oak_planks":8,"minecraft:birch_planks":12},"minecraft:picked_up":{"minecraft:birch_log":3,"minecraft:stick":1,"minecraft:birch_planks":12,"minecraft:oak_log":2,"minecraft:raw_copper":2,"minecraft:rotten_flesh":8,"apocalypsenow:human_flesh":1,"realistictorches:unlit_torch":1,"minecraft:stone_pickaxe":1,"minecraft:oak_sapling":5,"minecraft:birch_sapling":3,"minecraft:cobblestone":20},"minecraft:dropped":{"minecraft:bread":6,"minecraft:leather_chestplate":1,"minecraft:birch_planks":24,"minecraft:birch_sapling":3,"minecraft:oak_sapling":3,"minecraft:oak_planks":8,"realistictorches:unlit_torch":1,"minecraft:stone_pickaxe":1,"minecraft:stick":1},"minecraft:custom":{"minecraft:time_since_rest":16163,"minecraft:sprint_one_cm":15528,"minecraft:damage_taken":506,"minecraft:walk_one_cm":102525,"minecraft:drop":48,"minecraft:damage_dealt":0,"minecraft:interact_with_crafting_table":1,"minecraft:fly_one_cm":36541,"minecraft:open_chest":6,"minecraft:crouch_one_cm":3752,"minecraft:play_time":128887,"minecraft:deaths":2,"minecraft:sneak_time":1776,"minecraft:walk_under_water_one_cm":116,"minecraft:jump":167,"minecraft:leave_game":6,"minecraft:walk_on_water_one_cm":844,"minecraft:time_since_death":16071,"minecraft:sleep_in_bed":8,"minecraft:total_world_time":128887,"minecraft:climb_one_cm":21239,"minecraft:fall_one_cm":5667}},"DataVersion":2975}