{"stats":{"minecraft:custom":{"minecraft:jump":54,"minecraft:time_since_rest":7422,"minecraft:crouch_one_cm":1099,"minecraft:leave_game":6,"minecraft:play_time":85427,"minecraft:sprint_one_cm":253,"minecraft:time_since_death":85427,"minecraft:walk_one_cm":31216,"minecraft:total_world_time":85427,"minecraft:sleep_in_bed":8,"minecraft:sneak_time":385,"minecraft:climb_one_cm":7345,"minecraft:fall_one_cm":633,"minecraft:drop":6},"minecraft:dropped":{"minecraft:bread":6},"minecraft:picked_up":{"minecraft:rotten_flesh":8},"minecraft:used":{"minecraft:bread":2,"minecraft:potion":3}},"DataVersion":2975}