{"stats":{"minecraft:killed_by":{"zombie_extreme:infected_military":1},"minecraft:used":{"minecraft:glass_bottle":3,"minecraft:bread":2,"minecraft:stone_pickaxe":21,"horror_element_mod:phished_head":1,"horror_element_mod:hazzmat_head":1,"minecraft:chest":1,"minecraft:wooden_pickaxe":12,"minecraft:stone":1,"minecraft:gravel":3,"minecraft:torch":7,"horror_element_mod:impaled_skeleton":3,"minecraft:potion":3,"apocalypsenow:human_flesh":1,"minecraft:bone_meal":34,"horror_element_mod:blood_4":1},"minecraft:mined":{"minecraft:birch_log":3,"minecraft:birch_leaves":33,"minecraft:oak_log":5,"minecraft:gravel":3,"minecraft:copper_ore":7,"minecraft:stone":25,"minecraft:oak_leaves":40},"minecraft:crafted":{"minecraft:oak_planks":8,"minecraft:potion":1,"minecraft:birch_planks":12,"minecraft:air":0},"minecraft:picked_up":{"minecraft:birch_log":3,"minecraft:stick":1,"minecraft:gravel":3,"minecraft:birch_planks":12,"minecraft:flint":1,"minecraft:oak_log":5,"minecraft:raw_copper":18,"minecraft:rotten_flesh":8,"apocalypsenow:human_flesh":1,"realistictorches:unlit_torch":1,"minecraft:stone_pickaxe":1,"minecraft:oak_sapling":5,"minecraft:birch_sapling":3,"minecraft:cobblestone":27},"minecraft:dropped":{"minecraft:bread":6,"minecraft:leather_chestplate":1,"minecraft:birch_planks":24,"minecraft:birch_sapling":3,"minecraft:oak_sapling":3,"minecraft:oak_planks":8,"realistictorches:unlit_torch":1,"minecraft:stone_pickaxe":1,"minecraft:stick":1,"minecraft:flint":1},"minecraft:custom":{"minecraft:time_since_rest":32432,"minecraft:interact_with_furnace":10,"minecraft:sprint_one_cm":22483,"minecraft:damage_taken":506,"minecraft:walk_one_cm":151584,"minecraft:drop":49,"minecraft:damage_dealt":10,"minecraft:interact_with_crafting_table":1,"minecraft:fly_one_cm":39204,"minecraft:open_chest":21,"minecraft:crouch_one_cm":5118,"minecraft:play_time":145156,"minecraft:deaths":2,"minecraft:sneak_time":2521,"minecraft:walk_under_water_one_cm":116,"minecraft:jump":257,"minecraft:leave_game":7,"minecraft:walk_on_water_one_cm":922,"minecraft:time_since_death":32340,"minecraft:sleep_in_bed":8,"minecraft:total_world_time":145156,"minecraft:climb_one_cm":25932,"minecraft:fall_one_cm":6085}},"DataVersion":2975}