{"stats":{"minecraft:used":{"minecraft:bread":2,"minecraft:potion":3},"minecraft:custom":{"minecraft:jump":21,"minecraft:time_since_rest":382,"minecraft:crouch_one_cm":1080,"minecraft:leave_game":2,"minecraft:play_time":71112,"minecraft:sprint_one_cm":253,"minecraft:time_since_death":71112,"minecraft:walk_one_cm":19756,"minecraft:sleep_in_bed":2,"minecraft:sneak_time":367,"minecraft:total_world_time":71112,"minecraft:climb_one_cm":2976,"minecraft:drop":6,"minecraft:fall_one_cm":211},"minecraft:dropped":{"minecraft:bread":6},"minecraft:picked_up":{"minecraft:rotten_flesh":8}},"DataVersion":2975}