{"stats":{"minecraft:used":{"minecraft:potion":3,"minecraft:bread":2,"minecraft:chest":1,"minecraft:wooden_pickaxe":12},"minecraft:mined":{"minecraft:oak_log":1,"minecraft:birch_log":2,"minecraft:birch_leaves":33,"minecraft:stone":12,"minecraft:oak_leaves":34},"minecraft:picked_up":{"minecraft:birch_log":2,"minecraft:stick":1,"minecraft:rotten_flesh":8,"minecraft:oak_log":1,"minecraft:oak_sapling":1,"minecraft:birch_sapling":3,"minecraft:cobblestone":12},"minecraft:dropped":{"minecraft:bread":6},"minecraft:custom":{"minecraft:open_chest":2,"minecraft:time_since_rest":26882,"minecraft:crouch_one_cm":2879,"minecraft:sprint_one_cm":2886,"minecraft:play_time":104887,"minecraft:damage_taken":84,"minecraft:walk_one_cm":50454,"minecraft:sneak_time":1393,"minecraft:walk_under_water_one_cm":116,"minecraft:drop":6,"minecraft:jump":99,"minecraft:leave_game":6,"minecraft:time_since_death":104887,"minecraft:walk_on_water_one_cm":471,"minecraft:sleep_in_bed":8,"minecraft:climb_one_cm":13062,"minecraft:total_world_time":104887,"minecraft:fall_one_cm":1146,"minecraft:fly_one_cm":21721}},"DataVersion":2975}