{"stats":{"minecraft:used":{"minecraft:potion":1},"minecraft:custom":{"minecraft:jump":28,"minecraft:open_chest":3,"minecraft:time_since_rest":40267,"minecraft:crouch_one_cm":19969,"minecraft:leave_game":1,"minecraft:play_time":40267,"minecraft:sprint_one_cm":1271,"minecraft:time_since_death":40267,"minecraft:walk_one_cm":10179,"minecraft:sneak_time":6804,"minecraft:total_world_time":40267,"minecraft:climb_one_cm":1209,"minecraft:drop":8,"minecraft:interact_with_crafting_table":1,"minecraft:fall_one_cm":689,"minecraft:fly_one_cm":289},"minecraft:dropped":{"minecraft:rotten_flesh":8},"minecraft:picked_up":{"minecraft:bread":6}},"DataVersion":2975}