{"stats":{"minecraft:custom":{"minecraft:jump":25,"minecraft:open_chest":2,"minecraft:time_since_rest":7522,"minecraft:walk_on_water_one_cm":133,"minecraft:damage_dealt":0,"minecraft:crouch_one_cm":960,"minecraft:sprint_one_cm":5050,"minecraft:leave_game":13,"minecraft:play_time":10905,"minecraft:walk_one_cm":15794,"minecraft:time_since_death":3649,"minecraft:deaths":1,"minecraft:sneak_time":408,"minecraft:climb_one_cm":1302,"minecraft:total_world_time":10905,"minecraft:fall_one_cm":269,"minecraft:fly_one_cm":1937}},"DataVersion":2975}