{"stats":{"minecraft:killed_by":{"zombiemobs:zombie_ocelot":1,"zombiemobs:zombie_llama":1},"minecraft:used":{"bunker_down:steel_vent":12,"minecraft:stone_pickaxe":304,"minecraft:wooden_pickaxe":6,"carryon:tile_item":3,"apocalypsenow:fire_axe":10,"minecraft:wooden_sword":6,"minecraft:dirt":2,"minecraft:cobblestone":1,"minecraft:crafting_table":1,"minecraft:furnace":1,"minecraft:oak_sapling":2},"minecraft:mined":{"minecraft:iron_ore":2,"minecraft:andesite":12,"minecraft:torch":1,"bunker_down:steel_vent":12,"minecraft:granite":2,"minecraft:grass_block":6,"minecraft:oak_log":14,"minecraft:dirt":1,"minecraft:cobweb":1,"minecraft:copper_ore":2,"minecraft:cobblestone":4,"minecraft:lapis_ore":2,"minecraft:stone":259,"minecraft:diorite":14,"minecraft:oak_leaves":4},"minecraft:killed":{"apocalypsenow:looter_1":1},"minecraft:crafted":{"minecraft:wooden_sword":1,"minecraft:oak_planks":48,"minecraft:crafting_table":1,"minecraft:stick":12,"minecraft:iron_ingot":2,"minecraft:wooden_pickaxe":1,"minecraft:stone_pickaxe":4,"minecraft:furnace":1,"minecraft:copper_ingot":6,"minecraft:air":0},"minecraft:picked_up":{"minecraft:stick":1,"minecraft:raw_iron":2,"minecraft:leather_chestplate":1,"minecraft:andesite":12,"bunker_down:steel_vent":12,"minecraft:birch_planks":12,"minecraft:oak_log":14,"minecraft:diorite":14,"minecraft:lapis_lazuli":13,"minecraft:string":1,"minecraft:dirt":7,"minecraft:raw_copper":6,"apocalypsenow:human_flesh":1,"realistictorches:unlit_torch":1,"minecraft:granite":2,"minecraft:stone_pickaxe":1,"apocalypsenow:fire_axe":1,"minecraft:oak_sapling":5,"minecraft:birch_sapling":3,"minecraft:oak_planks":8,"minecraft:cobblestone":262},"minecraft:broken":{"minecraft:stone_pickaxe":1},"minecraft:dropped":{"minecraft:stone_pickaxe":1},"minecraft:custom":{"minecraft:time_since_rest":3145,"minecraft:interact_with_furnace":7,"minecraft:sprint_one_cm":33457,"minecraft:damage_taken":407,"minecraft:walk_one_cm":109706,"minecraft:mob_kills":1,"minecraft:drop":1,"minecraft:damage_dealt":146,"minecraft:interact_with_crafting_table":18,"minecraft:fly_one_cm":7293,"minecraft:open_chest":5,"minecraft:crouch_one_cm":7578,"minecraft:play_time":46466,"minecraft:deaths":3,"minecraft:sneak_time":2668,"minecraft:walk_under_water_one_cm":470,"minecraft:jump":127,"minecraft:leave_game":14,"minecraft:time_since_death":30556,"minecraft:walk_on_water_one_cm":763,"minecraft:sleep_in_bed":1,"minecraft:climb_one_cm":12004,"minecraft:total_world_time":46466,"minecraft:fall_one_cm":2063}},"DataVersion":2975}