{"stats":{"minecraft:killed_by":{"zombiemobs:zombie_ocelot":1,"zombiemobs:zombie_llama":1},"minecraft:used":{"bunker_down:steel_vent":2,"minecraft:stone_pickaxe":118,"minecraft:wooden_pickaxe":6,"carryon:tile_item":3,"apocalypsenow:fire_axe":6,"minecraft:wooden_sword":6,"minecraft:dirt":2,"minecraft:crafting_table":1},"minecraft:mined":{"minecraft:iron_ore":2,"bunker_down:steel_vent":2,"minecraft:oak_log":10,"minecraft:grass_block":6,"minecraft:dirt":1,"minecraft:cobweb":1,"minecraft:cobblestone":4,"minecraft:stone":116,"minecraft:oak_leaves":1},"minecraft:killed":{"apocalypsenow:looter_1":1},"minecraft:crafted":{"minecraft:wooden_sword":1,"minecraft:oak_planks":32,"minecraft:crafting_table":1,"minecraft:stick":8,"minecraft:wooden_pickaxe":1,"minecraft:stone_pickaxe":1},"minecraft:picked_up":{"minecraft:raw_iron":2,"bunker_down:steel_vent":2,"minecraft:oak_log":10,"minecraft:string":1,"minecraft:dirt":7,"apocalypsenow:human_flesh":1,"apocalypsenow:fire_axe":1,"minecraft:oak_sapling":3,"minecraft:cobblestone":119},"minecraft:custom":{"minecraft:time_since_rest":7024,"minecraft:sprint_one_cm":12279,"minecraft:damage_taken":377,"minecraft:walk_one_cm":46199,"minecraft:mob_kills":1,"minecraft:damage_dealt":146,"minecraft:interact_with_crafting_table":6,"minecraft:fly_one_cm":4797,"minecraft:open_chest":5,"minecraft:crouch_one_cm":6908,"minecraft:play_time":22905,"minecraft:deaths":3,"minecraft:sneak_time":2311,"minecraft:walk_under_water_one_cm":470,"minecraft:jump":81,"minecraft:leave_game":13,"minecraft:walk_on_water_one_cm":496,"minecraft:time_since_death":6995,"minecraft:climb_one_cm":12004,"minecraft:total_world_time":22905,"minecraft:fall_one_cm":1167}},"DataVersion":2975}