{"stats":{"minecraft:killed_by":{"zombiemobs:zombie_ocelot":1,"zombiemobs:zombie_llama":1},"minecraft:used":{"bunker_down:steel_vent":12,"minecraft:stone_pickaxe":251,"minecraft:wooden_pickaxe":6,"carryon:tile_item":3,"apocalypsenow:fire_axe":10,"minecraft:wooden_sword":6,"minecraft:dirt":2,"minecraft:cobblestone":1,"minecraft:crafting_table":1,"minecraft:oak_sapling":2},"minecraft:mined":{"minecraft:iron_ore":2,"bunker_down:steel_vent":12,"minecraft:grass_block":6,"minecraft:oak_log":14,"minecraft:dirt":1,"minecraft:cobweb":1,"minecraft:cobblestone":4,"minecraft:stone":239,"minecraft:oak_leaves":4},"minecraft:killed":{"apocalypsenow:looter_1":1},"minecraft:crafted":{"minecraft:wooden_sword":1,"minecraft:oak_planks":32,"minecraft:crafting_table":1,"minecraft:stick":8,"minecraft:wooden_pickaxe":1,"minecraft:stone_pickaxe":2},"minecraft:picked_up":{"minecraft:stick":1,"minecraft:raw_iron":2,"minecraft:leather_chestplate":1,"bunker_down:steel_vent":12,"minecraft:birch_planks":12,"minecraft:oak_log":14,"minecraft:string":1,"minecraft:dirt":7,"apocalypsenow:human_flesh":1,"apocalypsenow:fire_axe":1,"minecraft:oak_sapling":4,"minecraft:birch_sapling":3,"minecraft:oak_planks":8,"minecraft:cobblestone":243},"minecraft:broken":{"minecraft:stone_pickaxe":1},"minecraft:custom":{"minecraft:time_since_rest":18585,"minecraft:sprint_one_cm":18733,"minecraft:damage_taken":377,"minecraft:walk_one_cm":84255,"minecraft:mob_kills":1,"minecraft:damage_dealt":146,"minecraft:interact_with_crafting_table":8,"minecraft:fly_one_cm":5554,"minecraft:open_chest":5,"minecraft:crouch_one_cm":7270,"minecraft:play_time":34466,"minecraft:deaths":3,"minecraft:sneak_time":2454,"minecraft:walk_under_water_one_cm":470,"minecraft:jump":116,"minecraft:leave_game":14,"minecraft:time_since_death":18556,"minecraft:walk_on_water_one_cm":763,"minecraft:climb_one_cm":12004,"minecraft:total_world_time":34466,"minecraft:fall_one_cm":1585}},"DataVersion":2975}