{"stats":{"minecraft:killed_by":{"zombiemobs:zombie_ocelot":1,"zombiemobs:zombie_llama":1},"minecraft:used":{"bunker_down:steel_vent":12,"apocalypsenow:cooked_human_flesh":1,"minecraft:glass_bottle":1,"minecraft:stone_pickaxe":469,"minecraft:wooden_pickaxe":6,"minecraft:dirt":2,"minecraft:crafting_table":1,"minecraft:iron_pickaxe":15,"minecraft:gravel":2,"carryon:tile_item":3,"apocalypsenow:fire_axe":10,"minecraft:wooden_sword":6,"minecraft:cobblestone":3,"minecraft:potion":1,"minecraft:oak_sapling":2,"minecraft:furnace":1,"realistictorches:unlit_torch":5},"minecraft:mined":{"minecraft:torch":1,"minecraft:granite":23,"minecraft:grass_block":6,"minecraft:cobblestone":4,"minecraft:copper_ore":2,"minecraft:lapis_ore":2,"minecraft:diorite":22,"zombie_extreme:ore_tin":4,"minecraft:iron_ore":6,"minecraft:andesite":18,"bunker_down:steel_vent":12,"minecraft:oak_log":14,"minecraft:coal_ore":22,"minecraft:gravel":26,"minecraft:dirt":1,"minecraft:cobweb":1,"minecraft:stone":351,"minecraft:oak_leaves":4,"minecraft:deepslate":1},"minecraft:killed":{"apocalypsenow:looter_1":1},"minecraft:crafted":{"minecraft:wooden_sword":1,"minecraft:oak_planks":48,"minecraft:crafting_table":1,"minecraft:wooden_pickaxe":1,"minecraft:furnace":1,"minecraft:copper_ingot":6,"minecraft:air":0,"minecraft:flint_and_steel":1,"minecraft:potion":8,"minecraft:stick":20,"apocalypsenow:cooked_human_flesh":1,"minecraft:iron_ingot":6,"minecraft:iron_pickaxe":1,"minecraft:stone_pickaxe":4,"realistictorches:unlit_torch":20},"minecraft:picked_up":{"minecraft:leather_chestplate":1,"minecraft:andesite":18,"bunker_down:steel_vent":12,"zombie_extreme:raw_tin":4,"minecraft:birch_planks":12,"minecraft:flint":1,"minecraft:oak_log":14,"minecraft:lapis_lazuli":13,"minecraft:dirt":7,"minecraft:string":1,"minecraft:raw_copper":6,"apocalypsenow:human_flesh":1,"minecraft:cobbled_deepslate":1,"minecraft:stone_pickaxe":1,"apocalypsenow:fire_axe":1,"minecraft:birch_sapling":3,"minecraft:oak_planks":8,"minecraft:stick":1,"minecraft:raw_iron":6,"minecraft:gravel":25,"minecraft:diorite":22,"realistictorches:unlit_torch":1,"minecraft:granite":23,"minecraft:oak_sapling":5,"minecraft:coal":22,"minecraft:cobblestone":353},"minecraft:broken":{"minecraft:stone_pickaxe":2},"minecraft:dropped":{"minecraft:stone_pickaxe":1},"minecraft:custom":{"minecraft:interact_with_furnace":14,"minecraft:mob_kills":1,"minecraft:interact_with_crafting_table":21,"minecraft:leave_game":15,"minecraft:time_since_death":46825,"minecraft:sleep_in_bed":3,"minecraft:climb_one_cm":12272,"minecraft:time_since_rest":3390,"minecraft:sprint_one_cm":43622,"minecraft:damage_taken":407,"minecraft:walk_one_cm":141174,"minecraft:drop":1,"minecraft:damage_dealt":146,"minecraft:fly_one_cm":7689,"minecraft:open_chest":7,"minecraft:crouch_one_cm":8064,"minecraft:play_time":62735,"minecraft:deaths":3,"minecraft:sneak_time":2905,"minecraft:walk_under_water_one_cm":470,"minecraft:jump":206,"minecraft:walk_on_water_one_cm":787,"minecraft:total_world_time":62735,"minecraft:fall_one_cm":2274}},"DataVersion":2975}