{
  "survive:recipes/main/green_washcloth": {
    "criteria": {
      "has_white_washcloth": "2024-06-20 01:30:37 +0000"
    },
    "done": true
  },
  "farmersdelight:main/root": {
    "criteria": {
      "seeds": "2024-06-20 01:30:37 +0000"
    },
    "done": true
  },
  "survive:recipes/main/light_blue_washcloth": {
    "criteria": {
      "has_white_washcloth": "2024-06-20 01:30:37 +0000"
    },
    "done": true
  },
  "survive:recipes/main/canteen": {
    "criteria": {
      "has_leather": "2024-06-20 01:30:37 +0000"
    },
    "done": true
  },
  "survive:recipes/main/wool_boots": {
    "criteria": {
      "has_wool": "2024-06-20 01:30:37 +0000"
    },
    "done": true
  },
  "farmersdelight:recipes/farmersdelight/organic_compost_from_rotten_flesh": {
    "criteria": {
      "has_rotten_flesh": "2024-06-20 01:50:59 +0000"
    },
    "done": true
  },
  "ag_day_counter:day_counter_root_advancement": {
    "criteria": {
      "day_counter_root_advancement": "2024-06-20 01:30:36 +0000"
    },
    "done": true
  },
  "survive:recipes/main/yellow_washcloth": {
    "criteria": {
      "has_white_washcloth": "2024-06-20 01:30:37 +0000"
    },
    "done": true
  },
  "survive:recipes/main/orange_washcloth": {
    "criteria": {
      "has_white_washcloth": "2024-06-20 01:30:37 +0000"
    },
    "done": true
  },
  "survive:recipes/main/wood_ash": {
    "criteria": {
      "has_charcoal": "2024-06-20 01:30:37 +0000"
    },
    "done": true
  },
  "farmersdelight:recipes/farmersdelight/cooking/dog_food": {
    "criteria": {
      "has_any_ingredient": "2024-06-20 01:50:59 +0000"
    },
    "done": true
  },
  "bunker_down:first_joined_world": {
    "criteria": {
      "first_joined_world": "2024-06-20 01:30:36 +0000"
    },
    "done": true
  },
  "survive:recipes/main/black_washcloth": {
    "criteria": {
      "has_white_washcloth": "2024-06-20 01:30:37 +0000"
    },
    "done": true
  },
  "solsweetpotato:recipes/food_book": {
    "criteria": {
      "has_potato": "2024-06-20 01:30:37 +0000",
      "has_book": "2024-06-20 01:30:37 +0000"
    },
    "done": true
  },
  "undead_revamp2:theundeadchallenges": {
    "criteria": {
      "theundeadchallenges": "2024-06-20 01:30:36 +0000"
    },
    "done": true
  },
  "survive:recipes/main/lime_washcloth": {
    "criteria": {
      "has_white_washcloth": "2024-06-20 01:30:37 +0000"
    },
    "done": true
  },
  "survive:recipes/main/white_washcloth": {
    "criteria": {
      "has_string": "2024-06-20 01:30:37 +0000"
    },
    "done": true
  },
  "survive:recipes/main/light_gray_washcloth": {
    "criteria": {
      "has_white_washcloth": "2024-06-20 01:30:37 +0000"
    },
    "done": true
  },
  "minecraft:adventure/adventuring_time": {
    "criteria": {
      "minecraft:forest": "2024-06-20 01:30:36 +0000"
    },
    "done": false
  },
  "survive:recipes/main/brown_washcloth": {
    "criteria": {
      "has_white_washcloth": "2024-06-20 01:30:37 +0000"
    },
    "done": true
  },
  "survive:recipes/main/wool_jacket": {
    "criteria": {
      "has_wool": "2024-06-20 01:30:37 +0000"
    },
    "done": true
  },
  "survive:recipes/main/purple_washcloth": {
    "criteria": {
      "has_white_washcloth": "2024-06-20 01:30:37 +0000"
    },
    "done": true
  },
  "survive:recipes/main/potash_solution": {
    "criteria": {
      "has_wood_ash": "2024-06-20 01:30:37 +0000"
    },
    "done": true
  },
  "survive:recipes/main/magenta_washcloth": {
    "criteria": {
      "has_white_washcloth": "2024-06-20 01:30:37 +0000"
    },
    "done": true
  },
  "survive:recipes/main/soap_bottle": {
    "criteria": {
      "has_ingredients": "2024-06-20 01:30:37 +0000"
    },
    "done": true
  },
  "survive:recipes/main/blue_washcloth": {
    "criteria": {
      "has_white_washcloth": "2024-06-20 01:30:37 +0000"
    },
    "done": true
  },
  "survive:recipes/main/soap_mix": {
    "criteria": {
      "has_ingredients": "2024-06-20 01:30:37 +0000"
    },
    "done": true
  },
  "survive:recipes/main/cyan_washcloth": {
    "criteria": {
      "has_white_washcloth": "2024-06-20 01:30:37 +0000"
    },
    "done": true
  },
  "survive:recipes/main/wool_hat": {
    "criteria": {
      "has_wool": "2024-06-20 01:30:37 +0000"
    },
    "done": true
  },
  "survive:recipes/main/red_washcloth": {
    "criteria": {
      "has_white_washcloth": "2024-06-20 01:30:37 +0000"
    },
    "done": true
  },
  "survive:recipes/main/pink_washcloth": {
    "criteria": {
      "has_white_washcloth": "2024-06-20 01:30:37 +0000"
    },
    "done": true
  },
  "survive:recipes/main/wool_pants": {
    "criteria": {
      "has_wool": "2024-06-20 01:30:37 +0000"
    },
    "done": true
  },
  "survive:recipes/main/gray_washcloth": {
    "criteria": {
      "has_white_washcloth": "2024-06-20 01:30:37 +0000"
    },
    "done": true
  },
  "survive:recipes/main/ice": {
    "criteria": {
      "has_cubes": "2024-06-20 01:30:37 +0000"
    },
    "done": true
  },
  "survive:recipes/main/ice_cube": {
    "criteria": {
      "has_ice": "2024-06-20 01:30:37 +0000"
    },
    "done": true
  },
  "DataVersion": 2975
}